,link
0,https://ca.linkedin.com/jobs/view/data-engineer-at-thescore-3345943051?refId=xPUu6kjwQlWl57CoJsvRRA%3D%3D&trackingId=O3UCXDazmfLOy5lCORtwRA%3D%3D&position=1&pageNum=0&trk=public_jobs_jserp-result_search-card
1,https://ca.linkedin.com/jobs/view/data-engineer-developer-at-interac-corp-3406484018?refId=xPUu6kjwQlWl57CoJsvRRA%3D%3D&trackingId=%2B8wFiDe9GpL3GwKWMyHt3A%3D%3D&position=2&pageNum=0&trk=public_jobs_jserp-result_search-card
2,https://ca.linkedin.com/jobs/view/data-engineer-azure-at-tiger-analytics-3448428034?refId=xPUu6kjwQlWl57CoJsvRRA%3D%3D&trackingId=2ytSzMkcV7jWPNBgJ40xvg%3D%3D&position=3&pageNum=0&trk=public_jobs_jserp-result_search-card
3,https://ca.linkedin.com/jobs/view/data-engineer-azure-at-tiger-analytics-3383011313?refId=xPUu6kjwQlWl57CoJsvRRA%3D%3D&trackingId=Ny4p4YENe%2Bonc765ivAzhg%3D%3D&position=4&pageNum=0&trk=public_jobs_jserp-result_search-card
4,https://ca.linkedin.com/jobs/view/data-engineer-at-epsilon-solutions-ltd-3440856425?refId=xPUu6kjwQlWl57CoJsvRRA%3D%3D&trackingId=HB38paKaCX1MjwiZ8YmfEw%3D%3D&position=5&pageNum=0&trk=public_jobs_jserp-result_search-card
5,https://ca.linkedin.com/jobs/view/data-engineer-at-president-s-choice-financial-3094129976?refId=xPUu6kjwQlWl57CoJsvRRA%3D%3D&trackingId=iWLWmwrqd4eVHM4q2JjYyg%3D%3D&position=6&pageNum=0&trk=public_jobs_jserp-result_search-card
6,https://ca.linkedin.com/jobs/view/data-engineer-at-president-s-choice-financial-3473991796?refId=xPUu6kjwQlWl57CoJsvRRA%3D%3D&trackingId=LpEtHUG%2BzBHNqJ478YwGDA%3D%3D&position=7&pageNum=0&trk=public_jobs_jserp-result_search-card
7,https://ca.linkedin.com/jobs/view/data-engineer-at-randstad-canada-3444030300?refId=xPUu6kjwQlWl57CoJsvRRA%3D%3D&trackingId=cFS6%2FtF1waJpwtQSMSL0Pw%3D%3D&position=8&pageNum=0&trk=public_jobs_jserp-result_search-card
8,https://ca.linkedin.com/jobs/view/data-engineer-aws-at-tiger-analytics-3459781211?refId=xPUu6kjwQlWl57CoJsvRRA%3D%3D&trackingId=qSgwoZYv8NrBWzaEp5MCAQ%3D%3D&position=9&pageNum=0&trk=public_jobs_jserp-result_search-card
9,https://ca.linkedin.com/jobs/view/data-engineer-at-camh-3457681198?refId=xPUu6kjwQlWl57CoJsvRRA%3D%3D&trackingId=Gw%2F9JszT%2BZZOT5RtMqhBSw%3D%3D&position=10&pageNum=0&trk=public_jobs_jserp-result_search-card
10,https://ca.linkedin.com/jobs/view/data-engineer-at-cbi-health-3469215767?refId=xPUu6kjwQlWl57CoJsvRRA%3D%3D&trackingId=5swCLLZiv2DeWKmRikiVSQ%3D%3D&position=11&pageNum=0&trk=public_jobs_jserp-result_search-card
11,https://ca.linkedin.com/jobs/view/data-engineer-at-eteam-3469279746?refId=xPUu6kjwQlWl57CoJsvRRA%3D%3D&trackingId=eaOb8J40EXZ1tKBXPSAZHA%3D%3D&position=12&pageNum=0&trk=public_jobs_jserp-result_search-card
12,https://ca.linkedin.com/jobs/view/data-engineer-data-platforms-at-recursion-3402384301?refId=xPUu6kjwQlWl57CoJsvRRA%3D%3D&trackingId=CRgXqIDiupOA2CsbVKVssw%3D%3D&position=13&pageNum=0&trk=public_jobs_jserp-result_search-card
13,https://ca.linkedin.com/jobs/view/database-engineer-at-thescore-3407536827?refId=xPUu6kjwQlWl57CoJsvRRA%3D%3D&trackingId=YhhdakkLjWsHLIMXiiXgwA%3D%3D&position=14&pageNum=0&trk=public_jobs_jserp-result_search-card
14,https://ca.linkedin.com/jobs/view/data-analyst-at-arc-business-solutions-inc-3464945036?refId=xPUu6kjwQlWl57CoJsvRRA%3D%3D&trackingId=4mZ9ULqwkUpNsWf2MBcvpA%3D%3D&position=15&pageNum=0&trk=public_jobs_jserp-result_search-card
15,https://ca.linkedin.com/jobs/view/data-engineer-machine-learning-at-markitech-ai-experts-in-digital-transformation-focused-on-ai-machine-learning-in-health-telco-3472841646?refId=xPUu6kjwQlWl57CoJsvRRA%3D%3D&trackingId=1DrvtxiSBIjGVyaBm15bZg%3D%3D&position=16&pageNum=0&trk=public_jobs_jserp-result_search-card
16,https://ca.linkedin.com/jobs/view/growth-data-engineer-at-fivetran-3468794013?refId=xPUu6kjwQlWl57CoJsvRRA%3D%3D&trackingId=k8v9NVZMis8bEvF3WrxbTQ%3D%3D&position=17&pageNum=0&trk=public_jobs_jserp-result_search-card
17,https://ca.linkedin.com/jobs/view/data-analyst-at-momentum-financial-services-group-3451683218?refId=xPUu6kjwQlWl57CoJsvRRA%3D%3D&trackingId=w8etszJxAOFju6ABiE24Bg%3D%3D&position=18&pageNum=0&trk=public_jobs_jserp-result_search-card
18,https://ca.linkedin.com/jobs/view/data-analyst-at-fairstone-bank-3477122575?refId=xPUu6kjwQlWl57CoJsvRRA%3D%3D&trackingId=ByaaiFvF50I1UVWE3MWq4w%3D%3D&position=19&pageNum=0&trk=public_jobs_jserp-result_search-card
19,https://ca.linkedin.com/jobs/view/etl-data-developer-at-stack-it-recruitment-inc-3473387053?refId=xPUu6kjwQlWl57CoJsvRRA%3D%3D&trackingId=R60%2BANGaVdoK5im83%2Bhq7g%3D%3D&position=20&pageNum=0&trk=public_jobs_jserp-result_search-card
20,https://ca.linkedin.com/jobs/view/database-engineer-pricemetrix-at-mckinsey-company-3197101869?refId=xPUu6kjwQlWl57CoJsvRRA%3D%3D&trackingId=UnKUYJqUo769%2FgMQugXK2w%3D%3D&position=21&pageNum=0&trk=public_jobs_jserp-result_search-card
21,https://ca.linkedin.com/jobs/view/data-engineer-at-tao-digital-solutions-3471886986?refId=xPUu6kjwQlWl57CoJsvRRA%3D%3D&trackingId=6CsKssbCfhB%2F6WdEAHR5oA%3D%3D&position=22&pageNum=0&trk=public_jobs_jserp-result_search-card
22,https://ca.linkedin.com/jobs/view/data-engineer-at-keyrus-3405074806?refId=xPUu6kjwQlWl57CoJsvRRA%3D%3D&trackingId=ReENPxdS1j5FA9VCK5bTBQ%3D%3D&position=23&pageNum=0&trk=public_jobs_jserp-result_search-card
23,https://ca.linkedin.com/jobs/view/data-engineer-at-eteam-3469280666?refId=xPUu6kjwQlWl57CoJsvRRA%3D%3D&trackingId=GD2OB%2F4JQuk7WCjAGWMnXA%3D%3D&position=24&pageNum=0&trk=public_jobs_jserp-result_search-card
24,https://ca.linkedin.com/jobs/view/data-engineer-at-eteam-3469282399?refId=xPUu6kjwQlWl57CoJsvRRA%3D%3D&trackingId=zrmEpH9Zob6JmTi5fFTtug%3D%3D&position=25&pageNum=0&trk=public_jobs_jserp-result_search-card
25,https://ca.linkedin.com/jobs/view/backend-%2B-data-engineer-north-america-remote-at-braintrust-3478558840?refId=HgPA9KC6aHlGvB6FL19vzg%3D%3D&trackingId=o9044hvRVtbyuQWr%2B%2BpkGg%3D%3D&position=1&pageNum=1&trk=public_jobs_jserp-result_search-card
26,https://ca.linkedin.com/jobs/view/data-engineer-tim-hortons-canada-at-restaurant-brands-international-2924379222?refId=HgPA9KC6aHlGvB6FL19vzg%3D%3D&trackingId=JVkMffwPntPRvF4D8CGBfw%3D%3D&position=2&pageNum=1&trk=public_jobs_jserp-result_search-card
27,https://ca.linkedin.com/jobs/view/dovenmuehle-mortgage-data-engineer-direct-hire-remote-at-braintrust-3477274873?refId=HgPA9KC6aHlGvB6FL19vzg%3D%3D&trackingId=Rdq6VXOLwcT8g8nw8I92Hg%3D%3D&position=3&pageNum=1&trk=public_jobs_jserp-result_search-card
28,https://ca.linkedin.com/jobs/view/data-developer-ii-at-touchbistro-3470055418?refId=HgPA9KC6aHlGvB6FL19vzg%3D%3D&trackingId=jHAtc3OjxdO7OBVPE5hXKA%3D%3D&position=4&pageNum=1&trk=public_jobs_jserp-result_search-card
29,https://ca.linkedin.com/jobs/view/data-analyst-sql-python-pyspark-at-beachhead-3478581621?refId=HgPA9KC6aHlGvB6FL19vzg%3D%3D&trackingId=M9ixkLhO%2B8ToOibMRhxEQA%3D%3D&position=5&pageNum=1&trk=public_jobs_jserp-result_search-card
30,https://ca.linkedin.com/jobs/view/intermediate-etl-data-developer-at-stack-it-recruitment-inc-3469239636?refId=HgPA9KC6aHlGvB6FL19vzg%3D%3D&trackingId=1NKKvf%2FKL0%2FnHhv7EQ4q8g%3D%3D&position=6&pageNum=1&trk=public_jobs_jserp-result_search-card
31,https://ca.linkedin.com/jobs/view/software-engineer-entry-level-at-laserfiche-3056868744?refId=HgPA9KC6aHlGvB6FL19vzg%3D%3D&trackingId=%2BhRf5eMsBJX2OfQwRodF9w%3D%3D&position=7&pageNum=1&trk=public_jobs_jserp-result_search-card
32,https://ca.linkedin.com/jobs/view/sql-data-developer-at-beachhead-3472930186?refId=HgPA9KC6aHlGvB6FL19vzg%3D%3D&trackingId=7FrDGhIR4BNMVqxgdDFC0g%3D%3D&position=8&pageNum=1&trk=public_jobs_jserp-result_search-card
33,https://ca.linkedin.com/jobs/view/mediabrands-data-analyst-developer-roles-general-application-at-mediabrands-3315304613?refId=HgPA9KC6aHlGvB6FL19vzg%3D%3D&trackingId=%2B4QzKtSqzOBUZpHkQPtBfw%3D%3D&position=9&pageNum=1&trk=public_jobs_jserp-result_search-card
34,https://ca.linkedin.com/jobs/view/etl-developer-at-cibc-3465306667?refId=HgPA9KC6aHlGvB6FL19vzg%3D%3D&trackingId=1K3714ZPBdUhhYmJyePA%2Fg%3D%3D&position=10&pageNum=1&trk=public_jobs_jserp-result_search-card
35,https://ca.linkedin.com/jobs/view/quality-engineer-data-warehousing-etl-at-manulife-3464445204?refId=HgPA9KC6aHlGvB6FL19vzg%3D%3D&trackingId=jwAJKxERduYcm3OwbRXWoA%3D%3D&position=11&pageNum=1&trk=public_jobs_jserp-result_search-card
36,https://ca.linkedin.com/jobs/view/software-engineer-at-tango-3468501362?refId=HgPA9KC6aHlGvB6FL19vzg%3D%3D&trackingId=hbhXRfpKHZNwzvca3Py7aA%3D%3D&position=12&pageNum=1&trk=public_jobs_jserp-result_search-card
37,https://ca.linkedin.com/jobs/view/software-engineer-at-freshline-3459708888?refId=HgPA9KC6aHlGvB6FL19vzg%3D%3D&trackingId=ci9wLsvmMdLdP5wwTaEIGQ%3D%3D&position=13&pageNum=1&trk=public_jobs_jserp-result_search-card
38,https://ca.linkedin.com/jobs/view/data-analyst-%E2%80%93-workday-at-beachhead-3462822870?refId=HgPA9KC6aHlGvB6FL19vzg%3D%3D&trackingId=jBBihm6ayDLKlIWZGrxm%2Fg%3D%3D&position=14&pageNum=1&trk=public_jobs_jserp-result_search-card
39,https://ca.linkedin.com/jobs/view/azure-data-engineer-fulltime-at-infinity-solutions-3477076239?refId=HgPA9KC6aHlGvB6FL19vzg%3D%3D&trackingId=ZPG16z%2FVRbsR5Ml7AbRxrA%3D%3D&position=15&pageNum=1&trk=public_jobs_jserp-result_search-card
40,https://ca.linkedin.com/jobs/view/data-analyst-fr-at-fairstone-bank-3478366657?refId=HgPA9KC6aHlGvB6FL19vzg%3D%3D&trackingId=KKz2XEKo7bkg%2FAqCN01lmA%3D%3D&position=16&pageNum=1&trk=public_jobs_jserp-result_search-card
41,https://ca.linkedin.com/jobs/view/data-analyst-at-robertson-company-ltd-3460320379?refId=HgPA9KC6aHlGvB6FL19vzg%3D%3D&trackingId=EAjn580UFqsPtqS5AOOJ6Q%3D%3D&position=17&pageNum=1&trk=public_jobs_jserp-result_search-card
42,https://ca.linkedin.com/jobs/view/data-analytics-developer-at-isgsearch-3455048345?refId=HgPA9KC6aHlGvB6FL19vzg%3D%3D&trackingId=8pUHMY%2BN%2FLVe7NsqLxcBCQ%3D%3D&position=18&pageNum=1&trk=public_jobs_jserp-result_search-card
43,https://ca.linkedin.com/jobs/view/junior-software-devops-engineer-at-wiley-edge-3471235757?refId=HgPA9KC6aHlGvB6FL19vzg%3D%3D&trackingId=1PUx5rxfDjkeV%2BjBXk51tA%3D%3D&position=19&pageNum=1&trk=public_jobs_jserp-result_search-card
44,https://ca.linkedin.com/jobs/view/data-analyst-at-manulife-3476498500?refId=HgPA9KC6aHlGvB6FL19vzg%3D%3D&trackingId=i2NkVwZ%2BK%2B9h0U%2B7Ri%2F3Vg%3D%3D&position=20&pageNum=1&trk=public_jobs_jserp-result_search-card
45,https://ca.linkedin.com/jobs/view/gcp-data-engineer-scientist-at-zortech-solutions-3469240576?refId=HgPA9KC6aHlGvB6FL19vzg%3D%3D&trackingId=EfiMClHUhaMK1by5IVV3Lw%3D%3D&position=21&pageNum=1&trk=public_jobs_jserp-result_search-card
46,https://ca.linkedin.com/jobs/view/junior-devops-software-engineer-at-wiley-edge-3468306444?refId=HgPA9KC6aHlGvB6FL19vzg%3D%3D&trackingId=cT%2BigLIQ8rhqaNol3TOXOw%3D%3D&position=22&pageNum=1&trk=public_jobs_jserp-result_search-card
47,https://ca.linkedin.com/jobs/view/forward-deployed-data-engineer-at-boston-consulting-group-bcg-3324501596?refId=HgPA9KC6aHlGvB6FL19vzg%3D%3D&trackingId=lzQVjzxyW2czbz236hyGPg%3D%3D&position=23&pageNum=1&trk=public_jobs_jserp-result_search-card
48,https://ca.linkedin.com/jobs/view/microsoft-data-management-data-engineer-at-diverse-lynx-3458539975?refId=HgPA9KC6aHlGvB6FL19vzg%3D%3D&trackingId=d8MvPUnCMJUy4vjgphPx7g%3D%3D&position=24&pageNum=1&trk=public_jobs_jserp-result_search-card
49,https://ca.linkedin.com/jobs/view/aws-big-data-developer-at-emonics-llc-3477151623?refId=HgPA9KC6aHlGvB6FL19vzg%3D%3D&trackingId=%2F%2BPA7sxyfWAHwezTdxq63A%3D%3D&position=25&pageNum=1&trk=public_jobs_jserp-result_search-card
50,https://ca.linkedin.com/jobs/view/data-ingestion-developer-at-zortech-solutions-3469245180?refId=5CKDD79zM4vkVEhn%2B7yCrw%3D%3D&trackingId=aRNVM3oYql4VOnO%2BKmSkdA%3D%3D&position=1&pageNum=2&trk=public_jobs_jserp-result_search-card
51,https://ca.linkedin.com/jobs/view/data-ingestion-developer-at-zortech-solutions-3469516548?refId=5CKDD79zM4vkVEhn%2B7yCrw%3D%3D&trackingId=%2Bjv8%2FUWiFon5k0%2FB%2FCeHTA%3D%3D&position=2&pageNum=2&trk=public_jobs_jserp-result_search-card
52,https://ca.linkedin.com/jobs/view/bi-data-engineer-at-telus-international-3478553627?refId=5CKDD79zM4vkVEhn%2B7yCrw%3D%3D&trackingId=o1ZnrUfo9kacw%2FHw0H0N4w%3D%3D&position=3&pageNum=2&trk=public_jobs_jserp-result_search-card
53,https://ca.linkedin.com/jobs/view/software-engineer-at-texas-instruments-3477692872?refId=5CKDD79zM4vkVEhn%2B7yCrw%3D%3D&trackingId=RhPRgKdKEUTxCiqAop3MMQ%3D%3D&position=4&pageNum=2&trk=public_jobs_jserp-result_search-card
54,https://ca.linkedin.com/jobs/view/machine-learning-engineer-north-american-integrated-analytics-team-at-munich-re-3466270402?refId=5CKDD79zM4vkVEhn%2B7yCrw%3D%3D&trackingId=4XPy8EDfqGUQWkAkodCyEQ%3D%3D&position=5&pageNum=2&trk=public_jobs_jserp-result_search-card
55,https://ca.linkedin.com/jobs/view/software-engineer-at-thanx-3440368830?refId=5CKDD79zM4vkVEhn%2B7yCrw%3D%3D&trackingId=g3BoYrkZjqmknzpWc8tnEw%3D%3D&position=6&pageNum=2&trk=public_jobs_jserp-result_search-card
56,https://ca.linkedin.com/jobs/view/data-analyst-real-world-data-at-clarivate-3285903508?refId=5CKDD79zM4vkVEhn%2B7yCrw%3D%3D&trackingId=BqqJhZ3MP0xtpJ5mo716Mg%3D%3D&position=7&pageNum=2&trk=public_jobs_jserp-result_search-card
57,https://ca.linkedin.com/jobs/view/software-engineer-at-the-ian-martin-group-3476612155?refId=5CKDD79zM4vkVEhn%2B7yCrw%3D%3D&trackingId=mkxa4mDMUSUHfgQkyoseuQ%3D%3D&position=8&pageNum=2&trk=public_jobs_jserp-result_search-card
58,https://ca.linkedin.com/jobs/view/data-analyst-ii-at-canadian-tire-corporation-3469895858?refId=5CKDD79zM4vkVEhn%2B7yCrw%3D%3D&trackingId=MSFgR4ZFuX4Ly8CuSx2X5A%3D%3D&position=9&pageNum=2&trk=public_jobs_jserp-result_search-card
59,https://ca.linkedin.com/jobs/view/junior-software-engineer-trilogy-remote-%2460-000-year-usd-at-crossover-3471673161?refId=5CKDD79zM4vkVEhn%2B7yCrw%3D%3D&trackingId=zAEORwPZ3RPpU12F5W4WjA%3D%3D&position=10&pageNum=2&trk=public_jobs_jserp-result_search-card
60,https://ca.linkedin.com/jobs/view/network-data-engineer-at-vdart-3477050729?refId=5CKDD79zM4vkVEhn%2B7yCrw%3D%3D&trackingId=Dmy%2FBinGvDrht32saVTzaw%3D%3D&position=11&pageNum=2&trk=public_jobs_jserp-result_search-card
61,https://ca.linkedin.com/jobs/view/data-analyst-hybrid-at-global-technical-talent-an-inc-5000-company-3462820930?refId=5CKDD79zM4vkVEhn%2B7yCrw%3D%3D&trackingId=NyM%2BG86HgX6fVLbMBndosg%3D%3D&position=12&pageNum=2&trk=public_jobs_jserp-result_search-card
62,https://ca.linkedin.com/jobs/view/cloud-engineer-at-boosted-ai-3450559577?refId=5CKDD79zM4vkVEhn%2B7yCrw%3D%3D&trackingId=7d2ahapMAo2yZIyTS437yQ%3D%3D&position=13&pageNum=2&trk=public_jobs_jserp-result_search-card
63,https://ca.linkedin.com/jobs/view/sr-data-engineer-at-diverse-lynx-3439695148?refId=5CKDD79zM4vkVEhn%2B7yCrw%3D%3D&trackingId=F5voW%2BZRY9tbeLb0vUmXOw%3D%3D&position=14&pageNum=2&trk=public_jobs_jserp-result_search-card
64,https://ca.linkedin.com/jobs/view/data-analyst-threat-lab-at-integral-ad-science-3449518241?refId=5CKDD79zM4vkVEhn%2B7yCrw%3D%3D&trackingId=6RS%2BypwN3UPlY2tZ5QdGoA%3D%3D&position=15&pageNum=2&trk=public_jobs_jserp-result_search-card
65,https://ca.linkedin.com/jobs/view/data-engineer-with-aws-platform-at-w3global-3476638486?refId=5CKDD79zM4vkVEhn%2B7yCrw%3D%3D&trackingId=Bh2pEep7ec9xN5rpa%2BQk1g%3D%3D&position=16&pageNum=2&trk=public_jobs_jserp-result_search-card
66,https://ca.linkedin.com/jobs/view/software-devops-engineer-at-wiley-edge-3473890331?refId=5CKDD79zM4vkVEhn%2B7yCrw%3D%3D&trackingId=lGmkZA3STc95w0Ylr1D%2FaA%3D%3D&position=17&pageNum=2&trk=public_jobs_jserp-result_search-card
67,https://ca.linkedin.com/jobs/view/software-engineer-ii-at-toast-3478370051?refId=5CKDD79zM4vkVEhn%2B7yCrw%3D%3D&trackingId=zVJeqwm%2BxnsNBaZblYwXXg%3D%3D&position=18&pageNum=2&trk=public_jobs_jserp-result_search-card
68,https://ca.linkedin.com/jobs/view/cloud-big-data-developer-at-cgi-3438543630?refId=5CKDD79zM4vkVEhn%2B7yCrw%3D%3D&trackingId=guj2PngW5muoJeZYdYWjcQ%3D%3D&position=19&pageNum=2&trk=public_jobs_jserp-result_search-card
69,https://ca.linkedin.com/jobs/view/software-engineer-de-at-ss-c-technologies-3423801742?refId=5CKDD79zM4vkVEhn%2B7yCrw%3D%3D&trackingId=fqEs74iIbjUVVYgaSRcjtg%3D%3D&position=20&pageNum=2&trk=public_jobs_jserp-result_search-card
70,https://ca.linkedin.com/jobs/view/data-analyst-finance-at-randstad-canada-3445444296?refId=5CKDD79zM4vkVEhn%2B7yCrw%3D%3D&trackingId=uden%2Fn8ydxqIsMm2nTu2Gg%3D%3D&position=21&pageNum=2&trk=public_jobs_jserp-result_search-card
71,https://ca.linkedin.com/jobs/view/database-developer-at-intrado-3470048575?refId=5CKDD79zM4vkVEhn%2B7yCrw%3D%3D&trackingId=C9DoE6TLVubKQwotaFiwTA%3D%3D&position=22&pageNum=2&trk=public_jobs_jserp-result_search-card
72,https://ca.linkedin.com/jobs/view/cloud-big-data-developer-at-cgi-3438543627?refId=5CKDD79zM4vkVEhn%2B7yCrw%3D%3D&trackingId=ztFg6Cyu2Lj%2B6Z9qN9OMhw%3D%3D&position=23&pageNum=2&trk=public_jobs_jserp-result_search-card
73,https://ca.linkedin.com/jobs/view/software-engineer-at-kora-3471899689?refId=5CKDD79zM4vkVEhn%2B7yCrw%3D%3D&trackingId=BSPsYlqpfZaYCWUrZW2rjQ%3D%3D&position=24&pageNum=2&trk=public_jobs_jserp-result_search-card
74,https://ca.linkedin.com/jobs/view/software-engineer-at-ss-c-technologies-3452450552?refId=nFDpBFHthSGB2xbRjZ6qew%3D%3D&trackingId=tis5liD4R%2BrP%2F1R4Qa1kSA%3D%3D&position=1&pageNum=3&trk=public_jobs_jserp-result_search-card
75,https://ca.linkedin.com/jobs/view/associate-software-engineer-at-cboe-global-markets-3260822652?refId=nFDpBFHthSGB2xbRjZ6qew%3D%3D&trackingId=82ujclll7w4458ReIhxPXQ%3D%3D&position=2&pageNum=3&trk=public_jobs_jserp-result_search-card
76,https://ca.linkedin.com/jobs/view/data-analyst-canadian-tire-corporation-at-canadian-tire-corporation-3470500627?refId=nFDpBFHthSGB2xbRjZ6qew%3D%3D&trackingId=jIiWwLcL9JPuQZT9OsV4cA%3D%3D&position=3&pageNum=3&trk=public_jobs_jserp-result_search-card
77,https://ca.linkedin.com/jobs/view/data-analyst-at-arobas-personnel-3474024936?refId=nFDpBFHthSGB2xbRjZ6qew%3D%3D&trackingId=DQ4KHpnjjgNXaw0cRVlevQ%3D%3D&position=4&pageNum=3&trk=public_jobs_jserp-result_search-card
78,https://ca.linkedin.com/jobs/view/specialist-data-engineering-at-definity-3409239206?refId=nFDpBFHthSGB2xbRjZ6qew%3D%3D&trackingId=EXVUSzPnjcZjmxxWQwS4eQ%3D%3D&position=5&pageNum=3&trk=public_jobs_jserp-result_search-card
79,https://ca.linkedin.com/jobs/view/data-analyst-payment-decision-support-at-president-s-choice-financial-3477080330?refId=nFDpBFHthSGB2xbRjZ6qew%3D%3D&trackingId=TuIvmmwxFqdjfs93t28%2F2A%3D%3D&position=6&pageNum=3&trk=public_jobs_jserp-result_search-card
80,https://ca.linkedin.com/jobs/view/data-analyst-at-creative-circle-3434863843?refId=nFDpBFHthSGB2xbRjZ6qew%3D%3D&trackingId=owDSwDgLySXbsRKzMsGcyQ%3D%3D&position=7&pageNum=3&trk=public_jobs_jserp-result_search-card
81,https://ca.linkedin.com/jobs/view/software-engineer-enterprise-data-services-15356-at-getty-images-3428744573?refId=nFDpBFHthSGB2xbRjZ6qew%3D%3D&trackingId=ihV4Tpv6M74HsNp%2Fj5o1gA%3D%3D&position=8&pageNum=3&trk=public_jobs_jserp-result_search-card
82,https://ca.linkedin.com/jobs/view/cloud-developer-data-engineering-canadian-tire-corporation-at-canadian-tire-corporation-3469894946?refId=nFDpBFHthSGB2xbRjZ6qew%3D%3D&trackingId=ulUm4f4rjNsvJ4FtCn8vtA%3D%3D&position=9&pageNum=3&trk=public_jobs_jserp-result_search-card
83,https://ca.linkedin.com/jobs/view/devops-engineer-database-administration-at-hoopp-healthcare-of-ontario-pension-plan-3388825248?refId=nFDpBFHthSGB2xbRjZ6qew%3D%3D&trackingId=c%2Bz6dq%2BdUb0ICylr9MH%2Fyg%3D%3D&position=10&pageNum=3&trk=public_jobs_jserp-result_search-card
84,https://ca.linkedin.com/jobs/view/aws-big-data-developer-at-diverse-lynx-3475399027?refId=nFDpBFHthSGB2xbRjZ6qew%3D%3D&trackingId=2qY%2Bi36sXj0qNFKzlR9CBQ%3D%3D&position=11&pageNum=3&trk=public_jobs_jserp-result_search-card
85,https://ca.linkedin.com/jobs/view/data-analyst-%E2%80%93-coder-decision-support-regular-full-time-230136-at-sunnybrook-3444370305?refId=nFDpBFHthSGB2xbRjZ6qew%3D%3D&trackingId=Y3SQ%2BPdB6MFMEXCI332bIQ%3D%3D&position=12&pageNum=3&trk=public_jobs_jserp-result_search-card
86,https://ca.linkedin.com/jobs/view/software-engineer-ii-at-mastercard-3440366498?refId=nFDpBFHthSGB2xbRjZ6qew%3D%3D&trackingId=rVHSLX%2F8DFNRIwCGU5p0lg%3D%3D&position=13&pageNum=3&trk=public_jobs_jserp-result_search-card
87,https://ca.linkedin.com/jobs/view/software-engineer-ireland-freelance-remote-at-braintrust-3478186283?refId=nFDpBFHthSGB2xbRjZ6qew%3D%3D&trackingId=2B7dWKVAc87BKnqrjiHmvg%3D%3D&position=14&pageNum=3&trk=public_jobs_jserp-result_search-card
88,https://ca.linkedin.com/jobs/view/full-stack-software-engineer-at-nervex-neurotechnologies-2686266388?refId=nFDpBFHthSGB2xbRjZ6qew%3D%3D&trackingId=EjaSIQgT4L1PBH%2B%2FPj2Wlw%3D%3D&position=15&pageNum=3&trk=public_jobs_jserp-result_search-card
89,https://ca.linkedin.com/jobs/view/software-engineer-at-the-ian-martin-group-3462786933?refId=nFDpBFHthSGB2xbRjZ6qew%3D%3D&trackingId=FdZG3tmFyACh8mzOOEww9A%3D%3D&position=16&pageNum=3&trk=public_jobs_jserp-result_search-card
90,https://ca.linkedin.com/jobs/view/data-engineering-specialist-at-definity-3375129279?refId=nFDpBFHthSGB2xbRjZ6qew%3D%3D&trackingId=GBvJ7JuZy8eucswaqkt3%2FQ%3D%3D&position=17&pageNum=3&trk=public_jobs_jserp-result_search-card
91,https://ca.linkedin.com/jobs/view/software-engineer-frontend-at-st-michael-s-hospital-3442364693?refId=nFDpBFHthSGB2xbRjZ6qew%3D%3D&trackingId=GMM10NBTjwvdBfYFCfI05g%3D%3D&position=18&pageNum=3&trk=public_jobs_jserp-result_search-card
92,https://ca.linkedin.com/jobs/view/software-engineer-at-the-ian-martin-group-3463364477?refId=nFDpBFHthSGB2xbRjZ6qew%3D%3D&trackingId=XzxrR36vztXR5It8tar0%2Bg%3D%3D&position=19&pageNum=3&trk=public_jobs_jserp-result_search-card
93,https://ca.linkedin.com/jobs/view/analytics-associate-at-project-x-ltd-3476088738?refId=nFDpBFHthSGB2xbRjZ6qew%3D%3D&trackingId=Syt0k4EwgTangLLxmSlP%2FQ%3D%3D&position=20&pageNum=3&trk=public_jobs_jserp-result_search-card
94,https://ca.linkedin.com/jobs/view/software-engineer-performance-engineering-blockchain-at-ripple-3464998492?refId=nFDpBFHthSGB2xbRjZ6qew%3D%3D&trackingId=fa1DFElgi3SdD9wxR%2FhQ4Q%3D%3D&position=21&pageNum=3&trk=public_jobs_jserp-result_search-card
95,https://ca.linkedin.com/jobs/view/data-scientist-at-grammarly-3384152976?refId=nFDpBFHthSGB2xbRjZ6qew%3D%3D&trackingId=tYY7Cu5rMuDBTEcvEhjbrQ%3D%3D&position=22&pageNum=3&trk=public_jobs_jserp-result_search-card
96,https://ca.linkedin.com/jobs/view/gcp-data-engineer-enterprise-architecture-at-questrade-financial-group-3436102184?refId=nFDpBFHthSGB2xbRjZ6qew%3D%3D&trackingId=TqlUj95CRiwhABV5EyXJYw%3D%3D&position=23&pageNum=3&trk=public_jobs_jserp-result_search-card
97,https://ca.linkedin.com/jobs/view/artlogic-junior-software-engineer-infrastructure-fte-direct-hire-remote-at-braintrust-3473848358?refId=nFDpBFHthSGB2xbRjZ6qew%3D%3D&trackingId=a%2B%2B6yYEeXMs8sPnM6NSdQw%3D%3D&position=24&pageNum=3&trk=public_jobs_jserp-result_search-card
98,https://ca.linkedin.com/jobs/view/data-analyst-cybersecurity-at-experis-3467004610?refId=nFDpBFHthSGB2xbRjZ6qew%3D%3D&trackingId=NdglEtrvXODRHQGwabq9Cw%3D%3D&position=25&pageNum=3&trk=public_jobs_jserp-result_search-card
99,https://ca.linkedin.com/jobs/view/software-engineer-at-rakuten-rewards-3401287412?refId=TK9wK%2BYyPpGkiMtUB9llxQ%3D%3D&trackingId=pxnE0K2DtUAe4ABgRD6hcQ%3D%3D&position=1&pageNum=4&trk=public_jobs_jserp-result_search-card
100,https://ca.linkedin.com/jobs/view/software-engineer-devx-at-mysten-labs-3462524208?refId=TK9wK%2BYyPpGkiMtUB9llxQ%3D%3D&trackingId=aDZzsqqkP9NY1J7ABO3vsw%3D%3D&position=2&pageNum=4&trk=public_jobs_jserp-result_search-card
101,https://ca.linkedin.com/jobs/view/software-engineer-at-tucows-3431775546?refId=TK9wK%2BYyPpGkiMtUB9llxQ%3D%3D&trackingId=A3ZCilzBuA0Rmh9mTDVgNA%3D%3D&position=3&pageNum=4&trk=public_jobs_jserp-result_search-card
102,https://ca.linkedin.com/jobs/view/software-development-engineer-at-westinghouse-electric-company-3421455567?refId=TK9wK%2BYyPpGkiMtUB9llxQ%3D%3D&trackingId=bluIMMytnLb3JhRseb4bww%3D%3D&position=4&pageNum=4&trk=public_jobs_jserp-result_search-card
103,https://ca.linkedin.com/jobs/view/specialist-data-engineering-at-definity-3375131247?refId=TK9wK%2BYyPpGkiMtUB9llxQ%3D%3D&trackingId=q%2BKjm0P7Vb47pPJ%2B1upiBw%3D%3D&position=5&pageNum=4&trk=public_jobs_jserp-result_search-card
104,https://ca.linkedin.com/jobs/view/software-test-automation-engineer-at-xenex-enterprises-inc-3470674646?refId=TK9wK%2BYyPpGkiMtUB9llxQ%3D%3D&trackingId=ILQAOVk5xVBBu%2BwwRRingg%3D%3D&position=6&pageNum=4&trk=public_jobs_jserp-result_search-card
105,https://ca.linkedin.com/jobs/view/artium-mid-level-software-engineer-i-direct-hire-remote-at-braintrust-3474216226?refId=TK9wK%2BYyPpGkiMtUB9llxQ%3D%3D&trackingId=Kt0powhzCVMTpkYt5b%2By5Q%3D%3D&position=7&pageNum=4&trk=public_jobs_jserp-result_search-card
106,https://ca.linkedin.com/jobs/view/software-engineer-at-enghouse-networks-3102404449?refId=TK9wK%2BYyPpGkiMtUB9llxQ%3D%3D&trackingId=81fz1S5ObTUkNoVEvMuOlg%3D%3D&position=8&pageNum=4&trk=public_jobs_jserp-result_search-card
107,https://ca.linkedin.com/jobs/view/software-engineer-fsg-at-ss-c-technologies-3423801810?refId=TK9wK%2BYyPpGkiMtUB9llxQ%3D%3D&trackingId=8a%2F2Dol4vcGfRr98bSak%2FA%3D%3D&position=9&pageNum=4&trk=public_jobs_jserp-result_search-card
108,https://ca.linkedin.com/jobs/view/full-stack-engineer-at-corporate-knights-3477036605?refId=TK9wK%2BYyPpGkiMtUB9llxQ%3D%3D&trackingId=7cYHb2xwFiUZDz88UijAiQ%3D%3D&position=10&pageNum=4&trk=public_jobs_jserp-result_search-card
109,https://ca.linkedin.com/jobs/view/aws-big-data-developer-at-diverse-lynx-3458546392?refId=TK9wK%2BYyPpGkiMtUB9llxQ%3D%3D&trackingId=vJE76HC8jI6s0bT934DVrg%3D%3D&position=12&pageNum=4&trk=public_jobs_jserp-result_search-card
110,https://ca.linkedin.com/jobs/view/software-engineer-storage-platform-at-recursion-3442757914?refId=TK9wK%2BYyPpGkiMtUB9llxQ%3D%3D&trackingId=8P1fi8MKh23ASQ80EtBhsQ%3D%3D&position=13&pageNum=4&trk=public_jobs_jserp-result_search-card
111,https://ca.linkedin.com/jobs/view/software-engineer-2-at-tekstaff-it-solutions-3460386254?refId=TK9wK%2BYyPpGkiMtUB9llxQ%3D%3D&trackingId=2vsf41YeayWm8Ghzpf8duw%3D%3D&position=14&pageNum=4&trk=public_jobs_jserp-result_search-card
112,https://ca.linkedin.com/jobs/view/data-scientist-at-assurance-iq-2871467235?refId=TK9wK%2BYyPpGkiMtUB9llxQ%3D%3D&trackingId=mjk3pLAvDao9XnNWi%2Fwn6g%3D%3D&position=15&pageNum=4&trk=public_jobs_jserp-result_search-card
113,https://ca.linkedin.com/jobs/view/software-engineer-ii-at-fivetran-3434211674?refId=TK9wK%2BYyPpGkiMtUB9llxQ%3D%3D&trackingId=1SYapPmvjDDA87Zb9Bc3RQ%3D%3D&position=16&pageNum=4&trk=public_jobs_jserp-result_search-card
114,https://ca.linkedin.com/jobs/view/data-analyst-payment-decision-support-at-loblaw-companies-limited-3471572862?refId=TK9wK%2BYyPpGkiMtUB9llxQ%3D%3D&trackingId=3CqRrtngdFx%2FwEdtuijC0Q%3D%3D&position=17&pageNum=4&trk=public_jobs_jserp-result_search-card
115,https://ca.linkedin.com/jobs/view/machine-learning-engineer-ml-platform-at-recursion-3462816930?refId=TK9wK%2BYyPpGkiMtUB9llxQ%3D%3D&trackingId=c%2FAw178xjuo76gHj2rQ90w%3D%3D&position=18&pageNum=4&trk=public_jobs_jserp-result_search-card
116,https://ca.linkedin.com/jobs/view/business-data-analyst-at-diverse-lynx-3465474207?refId=TK9wK%2BYyPpGkiMtUB9llxQ%3D%3D&trackingId=v8ne%2FkYTWM1iC3xMePF5ng%3D%3D&position=19&pageNum=4&trk=public_jobs_jserp-result_search-card
117,https://ca.linkedin.com/jobs/view/fullstack-software-engineer-ii-capdesk-at-carta-3478542714?refId=TK9wK%2BYyPpGkiMtUB9llxQ%3D%3D&trackingId=PQlmgS%2B4r9%2FifkpfeOMORw%3D%3D&position=20&pageNum=4&trk=public_jobs_jserp-result_search-card
118,https://ca.linkedin.com/jobs/view/business-data-analyst-at-diverse-lynx-3465472530?refId=TK9wK%2BYyPpGkiMtUB9llxQ%3D%3D&trackingId=jTVd9rBqRrq%2BKvXYU0U1%2FA%3D%3D&position=21&pageNum=4&trk=public_jobs_jserp-result_search-card
119,https://ca.linkedin.com/jobs/view/binance-accelerator-programme-software-engineer-at-binance-3406896645?refId=TK9wK%2BYyPpGkiMtUB9llxQ%3D%3D&trackingId=Wah%2FdYs%2BJ%2BrfiaL2%2F14meA%3D%3D&position=22&pageNum=4&trk=public_jobs_jserp-result_search-card
120,https://ca.linkedin.com/jobs/view/big-data-qe-automation-engineer-at-emonics-llc-3471511457?refId=TK9wK%2BYyPpGkiMtUB9llxQ%3D%3D&trackingId=7eBfoxMioOD%2FeF2nXvCLlA%3D%3D&position=23&pageNum=4&trk=public_jobs_jserp-result_search-card
121,https://ca.linkedin.com/jobs/view/data-analyst-rfr-23014-at-randstad-canada-3464982721?refId=TK9wK%2BYyPpGkiMtUB9llxQ%3D%3D&trackingId=ZMU8DcltWdH2DU7JIMbzHg%3D%3D&position=24&pageNum=4&trk=public_jobs_jserp-result_search-card
122,https://ca.linkedin.com/jobs/view/software-engineer-at-procom-3473475007?refId=TK9wK%2BYyPpGkiMtUB9llxQ%3D%3D&trackingId=Y8kSioMjbQmQCi1U4RNrBA%3D%3D&position=25&pageNum=4&trk=public_jobs_jserp-result_search-card
123,https://ca.linkedin.com/jobs/view/embedded-software-engineer-at-neutron-controls-3462156144?refId=yYAp5TFHZ6gfK0J%2FAPOeUA%3D%3D&trackingId=iaCHHLN5n9sE%2F2LyfGPFWw%3D%3D&position=1&pageNum=5&trk=public_jobs_jserp-result_search-card
124,https://ca.linkedin.com/jobs/view/backend-software-engineer-tim-hortons-at-restaurant-brands-international-3042447942?refId=yYAp5TFHZ6gfK0J%2FAPOeUA%3D%3D&trackingId=yjObhyabtYUaoBLvMise2Q%3D%3D&position=2&pageNum=5&trk=public_jobs_jserp-result_search-card
125,https://ca.linkedin.com/jobs/view/software-engineer-python-golang-kubernetes-at-canonical-3474492075?refId=yYAp5TFHZ6gfK0J%2FAPOeUA%3D%3D&trackingId=rTQEsclYhepxu8T9CwZOYw%3D%3D&position=4&pageNum=5&trk=public_jobs_jserp-result_search-card
126,https://ca.linkedin.com/jobs/view/software-engineer-launchpad-at-canonical-3468735876?refId=yYAp5TFHZ6gfK0J%2FAPOeUA%3D%3D&trackingId=xhfHtOpCgQZhPXYgvcEQ2g%3D%3D&position=5&pageNum=5&trk=public_jobs_jserp-result_search-card
127,https://ca.linkedin.com/jobs/view/net-software-engineer-at-tyler-technologies-3459976718?refId=yYAp5TFHZ6gfK0J%2FAPOeUA%3D%3D&trackingId=i%2FS1jBUDLsizj%2Ft2qzf5aQ%3D%3D&position=6&pageNum=5&trk=public_jobs_jserp-result_search-card
128,https://ca.linkedin.com/jobs/view/qa-engineer-internal-system-at-binance-3406895608?refId=yYAp5TFHZ6gfK0J%2FAPOeUA%3D%3D&trackingId=AtrK5mBcOV6sW1B3pKHWGg%3D%3D&position=7&pageNum=5&trk=public_jobs_jserp-result_search-card
129,https://ca.linkedin.com/jobs/view/full-stack-web-engineer-at-harvest-builders-3428248949?refId=yYAp5TFHZ6gfK0J%2FAPOeUA%3D%3D&trackingId=lm%2BmtAhkIyofqMuEqrw0%2BA%3D%3D&position=8&pageNum=5&trk=public_jobs_jserp-result_search-card
130,https://ca.linkedin.com/jobs/view/front-end-developer-data-applications-at-manulife-3471851774?refId=yYAp5TFHZ6gfK0J%2FAPOeUA%3D%3D&trackingId=eK61EaqTctGs3PDOxGwCvg%3D%3D&position=9&pageNum=5&trk=public_jobs_jserp-result_search-card
131,https://ca.linkedin.com/jobs/view/developer-emerging-technologies-big-data-mobile-cloud-rpa-at-the-ian-martin-group-3463367036?refId=yYAp5TFHZ6gfK0J%2FAPOeUA%3D%3D&trackingId=neLAo9D7NiAAuhRmGd7DdA%3D%3D&position=10&pageNum=5&trk=public_jobs_jserp-result_search-card
132,https://ca.linkedin.com/jobs/view/full-stack-software-engineer-at-ci-financial-3437962724?refId=yYAp5TFHZ6gfK0J%2FAPOeUA%3D%3D&trackingId=iT3YrX4sdfcPHNGenPXQog%3D%3D&position=11&pageNum=5&trk=public_jobs_jserp-result_search-card
133,https://ca.linkedin.com/jobs/view/software-engineer-2-contract-at-tundra-technical-solutions-3437841141?refId=yYAp5TFHZ6gfK0J%2FAPOeUA%3D%3D&trackingId=%2B3INKUUTRCm%2BPg9pn99SEQ%3D%3D&position=12&pageNum=5&trk=public_jobs_jserp-result_search-card
134,https://ca.linkedin.com/jobs/view/software-engineer-3-at-tekstaff-it-solutions-3470553365?refId=yYAp5TFHZ6gfK0J%2FAPOeUA%3D%3D&trackingId=DQpKezIKEJbRKYojNZOAxA%3D%3D&position=13&pageNum=5&trk=public_jobs_jserp-result_search-card
135,https://ca.linkedin.com/jobs/view/software-engineer-devops-champion-tim-hortons-canada-at-restaurant-brands-international-3371611260?refId=yYAp5TFHZ6gfK0J%2FAPOeUA%3D%3D&trackingId=4nlf9gMwMSzx6vyj1aN%2FGQ%3D%3D&position=14&pageNum=5&trk=public_jobs_jserp-result_search-card
136,https://ca.linkedin.com/jobs/view/software-engineer-php-mysql-or-reactjs-freelance-remote-at-braintrust-3478556870?refId=yYAp5TFHZ6gfK0J%2FAPOeUA%3D%3D&trackingId=byCrFNgDQseuHKgFji%2FQZw%3D%3D&position=15&pageNum=5&trk=public_jobs_jserp-result_search-card
137,https://ca.linkedin.com/jobs/view/data-scientist-at-aecon-group-inc-3477063043?refId=yYAp5TFHZ6gfK0J%2FAPOeUA%3D%3D&trackingId=YU%2FigK80RzeQ%2FhDU7SIsNw%3D%3D&position=16&pageNum=5&trk=public_jobs_jserp-result_search-card
138,https://ca.linkedin.com/jobs/view/data-scientist-at-canadian-tire-corporation-3472330933?refId=yYAp5TFHZ6gfK0J%2FAPOeUA%3D%3D&trackingId=%2FPDZUo2J7x88Yi9lQ2YMbA%3D%3D&position=17&pageNum=5&trk=public_jobs_jserp-result_search-card
139,https://ca.linkedin.com/jobs/view/cyber-security-engineer-zscaler-or-crowdstrike-remote-at-ntt-data-services-3453973985?refId=yYAp5TFHZ6gfK0J%2FAPOeUA%3D%3D&trackingId=ztn1Po5bk004bWYjbzz3lg%3D%3D&position=18&pageNum=5&trk=public_jobs_jserp-result_search-card
140,https://ca.linkedin.com/jobs/view/data-scientist-at-canadian-tire-corporation-3470501175?refId=yYAp5TFHZ6gfK0J%2FAPOeUA%3D%3D&trackingId=36l0gDR3uDqQL6jDP1Uutw%3D%3D&position=19&pageNum=5&trk=public_jobs_jserp-result_search-card
141,https://ca.linkedin.com/jobs/view/sdet-software-developer-engineer-in-test-api-at-priceline-3401015918?refId=yYAp5TFHZ6gfK0J%2FAPOeUA%3D%3D&trackingId=eISekKhrvpN%2FhxduuLL3Uw%3D%3D&position=20&pageNum=5&trk=public_jobs_jserp-result_search-card
142,https://ca.linkedin.com/jobs/view/software-engineer-ii-39277br-at-synopsys-inc-3158534078?refId=yYAp5TFHZ6gfK0J%2FAPOeUA%3D%3D&trackingId=5lzO17Q4InBKgEEKsxCBFg%3D%3D&position=21&pageNum=5&trk=public_jobs_jserp-result_search-card
143,https://ca.linkedin.com/jobs/view/software-engineer-ii-39277br-at-synopsys-inc-3158533295?refId=yYAp5TFHZ6gfK0J%2FAPOeUA%3D%3D&trackingId=ndjCz2PqW1TMlFL9aDF0fw%3D%3D&position=22&pageNum=5&trk=public_jobs_jserp-result_search-card
144,https://ca.linkedin.com/jobs/view/data-scientist-canadian-tire-corporation-at-canadian-tire-corporation-3470501179?refId=yYAp5TFHZ6gfK0J%2FAPOeUA%3D%3D&trackingId=eQJ2pXE4JUaLL%2FQv146Y3Q%3D%3D&position=23&pageNum=5&trk=public_jobs_jserp-result_search-card
145,https://ca.linkedin.com/jobs/view/software-engineer-api-private-capital-markets-at-kroll-3467503531?refId=yYAp5TFHZ6gfK0J%2FAPOeUA%3D%3D&trackingId=m8pv463nxO60PZCrOvtfZw%3D%3D&position=24&pageNum=5&trk=public_jobs_jserp-result_search-card
146,https://ca.linkedin.com/jobs/view/full-stack-software-engineer-ii-forecasting-remote-at-clari-3289079731?refId=yYAp5TFHZ6gfK0J%2FAPOeUA%3D%3D&trackingId=%2Fq7AMfxkrJ0wPfPWnM6%2FQQ%3D%3D&position=25&pageNum=5&trk=public_jobs_jserp-result_search-card
147,https://ca.linkedin.com/jobs/view/practice-manager-data-science-engineering-remote-role-in-canada-at-rackspace-technology-3081905742?refId=YbPvKdySayoP%2BguYHyC7%2FA%3D%3D&trackingId=zuehfJV0lv9HHYqgEnXAAg%3D%3D&position=1&pageNum=6&trk=public_jobs_jserp-result_search-card
148,https://ca.linkedin.com/jobs/view/software-engineer-graphics-at-snap-inc-3467617452?refId=YbPvKdySayoP%2BguYHyC7%2FA%3D%3D&trackingId=OxaH0rlbfBYJAPmrR%2F29bw%3D%3D&position=2&pageNum=6&trk=public_jobs_jserp-result_search-card
149,https://ca.linkedin.com/jobs/view/security-engineer-at-thentia-3478351613?refId=YbPvKdySayoP%2BguYHyC7%2FA%3D%3D&trackingId=r6XvRjKiFi%2FOPJU1gE5dRQ%3D%3D&position=3&pageNum=6&trk=public_jobs_jserp-result_search-card
150,https://ca.linkedin.com/jobs/view/software-engineer-full-stack-private-capital-markets-at-kroll-3477970256?refId=YbPvKdySayoP%2BguYHyC7%2FA%3D%3D&trackingId=Zojsnpnlm9zJDF5cz9Xazw%3D%3D&position=4&pageNum=6&trk=public_jobs_jserp-result_search-card
151,https://ca.linkedin.com/jobs/view/software-development-engineer-in-test-sdet-at-priceline-3475621078?refId=YbPvKdySayoP%2BguYHyC7%2FA%3D%3D&trackingId=SXuQ9Y18j0fUCcDbecedFw%3D%3D&position=5&pageNum=6&trk=public_jobs_jserp-result_search-card
152,https://ca.linkedin.com/jobs/view/sora-schools-software-engineer-flutter-direct-hire-remote-at-braintrust-3478184954?refId=YbPvKdySayoP%2BguYHyC7%2FA%3D%3D&trackingId=YrkSTw%2FWfue%2FwzN2wEOmfQ%3D%3D&position=6&pageNum=6&trk=public_jobs_jserp-result_search-card
153,https://ca.linkedin.com/jobs/view/simulation-engineer-at-avo-autonomous-vehicle-organization-3467891744?refId=YbPvKdySayoP%2BguYHyC7%2FA%3D%3D&trackingId=97LYnXJJD9hoYXhKaHIKXg%3D%3D&position=7&pageNum=6&trk=public_jobs_jserp-result_search-card
154,https://ca.linkedin.com/jobs/view/business-intelligence-specialist-senior-at-j-m-group-3433893829?refId=YbPvKdySayoP%2BguYHyC7%2FA%3D%3D&trackingId=Xsoc%2B8ACGKVy4%2BiuA17v1w%3D%3D&position=8&pageNum=6&trk=public_jobs_jserp-result_search-card
155,https://ca.linkedin.com/jobs/view/intermediate-software-engineer-java-react-at-morgan-mckinley-3478365248?refId=YbPvKdySayoP%2BguYHyC7%2FA%3D%3D&trackingId=PMdM3uubqhdPXLwgspXteA%3D%3D&position=9&pageNum=6&trk=public_jobs_jserp-result_search-card
156,https://ca.linkedin.com/jobs/view/software-engineer-python-optimise-ubuntu-for-public-clouds-at-canonical-3469220479?refId=YbPvKdySayoP%2BguYHyC7%2FA%3D%3D&trackingId=vA4Ppn6yVVcIjKSEdXqkCA%3D%3D&position=10&pageNum=6&trk=public_jobs_jserp-result_search-card
157,https://ca.linkedin.com/jobs/view/data-scientist-at-focal-systems-3434067453?refId=YbPvKdySayoP%2BguYHyC7%2FA%3D%3D&trackingId=yafP4kwptUaRxRWxaWzegg%3D%3D&position=11&pageNum=6&trk=public_jobs_jserp-result_search-card
158,https://ca.linkedin.com/jobs/view/digital-performance-test-engineer-at-olg-3453311900?refId=YbPvKdySayoP%2BguYHyC7%2FA%3D%3D&trackingId=8mkuYAF6SggqZtsr3IG%2FcQ%3D%3D&position=12&pageNum=6&trk=public_jobs_jserp-result_search-card
159,https://ca.linkedin.com/jobs/view/technical-lead-software-engineer-at-fleetcor-3200506363?refId=YbPvKdySayoP%2BguYHyC7%2FA%3D%3D&trackingId=e0LGDxKjCjmb8L6QH8iF%2Fg%3D%3D&position=13&pageNum=6&trk=public_jobs_jserp-result_search-card
160,https://ca.linkedin.com/jobs/view/data-visualization-software-engineer-frontend-developer-gta-canada-contract-at-dice-3472973248?refId=YbPvKdySayoP%2BguYHyC7%2FA%3D%3D&trackingId=Hubnlmq6l%2Bq9Z93id93PPA%3D%3D&position=14&pageNum=6&trk=public_jobs_jserp-result_search-card
161,https://ca.linkedin.com/jobs/view/software-engineer-ubuntu-systems-management-at-canonical-3468332253?refId=YbPvKdySayoP%2BguYHyC7%2FA%3D%3D&trackingId=ofuit72EXuq3dPlU3SJVYA%3D%3D&position=15&pageNum=6&trk=public_jobs_jserp-result_search-card
162,https://ca.linkedin.com/jobs/view/software-engineer-android-at-ecobee-3389158305?refId=YbPvKdySayoP%2BguYHyC7%2FA%3D%3D&trackingId=Azgtz4lR7qsVuxVDZImXZw%3D%3D&position=16&pageNum=6&trk=public_jobs_jserp-result_search-card
163,https://ca.linkedin.com/jobs/view/crm-data-analyst-6-months-contract-at-publicis-canada-3447517793?refId=YbPvKdySayoP%2BguYHyC7%2FA%3D%3D&trackingId=UhOcSL4Id8SLlBbTiyk9Cg%3D%3D&position=17&pageNum=6&trk=public_jobs_jserp-result_search-card
164,https://ca.linkedin.com/jobs/view/software-engineer-industrial-iot-at-canonical-3473356481?refId=YbPvKdySayoP%2BguYHyC7%2FA%3D%3D&trackingId=VWuu7%2FXwGAJpI9w2t5b%2B%2Bw%3D%3D&position=18&pageNum=6&trk=public_jobs_jserp-result_search-card
165,https://ca.linkedin.com/jobs/view/site-reliability-engineer-at-intrado-3429638729?refId=YbPvKdySayoP%2BguYHyC7%2FA%3D%3D&trackingId=nGEiymvmONNmHDYE4U9jOA%3D%3D&position=19&pageNum=6&trk=public_jobs_jserp-result_search-card
166,https://ca.linkedin.com/jobs/view/software-engineer-maas-at-canonical-3470056140?refId=YbPvKdySayoP%2BguYHyC7%2FA%3D%3D&trackingId=KD6sIQu2Sx8%2F5UEqy2bzqA%3D%3D&position=20&pageNum=6&trk=public_jobs_jserp-result_search-card
167,https://ca.linkedin.com/jobs/view/java-software-engineer-backend-at-v-soft-consulting-group-inc-3014687554?refId=YbPvKdySayoP%2BguYHyC7%2FA%3D%3D&trackingId=pK5YI2uocW%2FDSpMSm9Zd8g%3D%3D&position=21&pageNum=6&trk=public_jobs_jserp-result_search-card
168,https://ca.linkedin.com/jobs/view/software-engineer-micro-private-bare-metal-cloud-at-canonical-3470792278?refId=YbPvKdySayoP%2BguYHyC7%2FA%3D%3D&trackingId=DgzaU26FxlK8AAl5sRdb3A%3D%3D&position=22&pageNum=6&trk=public_jobs_jserp-result_search-card
169,https://ca.linkedin.com/jobs/view/software-engineer-application-release-engineering-remote-at-global-technical-talent-an-inc-5000-company-3472927518?refId=YbPvKdySayoP%2BguYHyC7%2FA%3D%3D&trackingId=azfg6G%2FquuLViGoUOvEuMA%3D%3D&position=23&pageNum=6&trk=public_jobs_jserp-result_search-card
170,https://ca.linkedin.com/jobs/view/software-engineer-java-or-net-at-morningstar-3426409671?refId=YbPvKdySayoP%2BguYHyC7%2FA%3D%3D&trackingId=rhFyFNbd0ENqsri6UI673Q%3D%3D&position=24&pageNum=6&trk=public_jobs_jserp-result_search-card
171,https://ca.linkedin.com/jobs/view/software-engineer-ios-at-ecobee-3389159175?refId=YbPvKdySayoP%2BguYHyC7%2FA%3D%3D&trackingId=VEU%2F0wAQf8dJ839bEOZEnw%3D%3D&position=25&pageNum=6&trk=public_jobs_jserp-result_search-card
172,https://ca.linkedin.com/jobs/view/signaling-system-engineer-at-hitachi-rail-3427518172?refId=Xx58YyFWcnRDqP5I6JRePA%3D%3D&trackingId=Z5mCGgt%2BzqG6lfhEACB%2BTw%3D%3D&position=1&pageNum=7&trk=public_jobs_jserp-result_search-card
173,https://ca.linkedin.com/jobs/view/st-scientist-data-12-months-summer-2023-co-op-at-apotex-inc-3446897983?refId=Xx58YyFWcnRDqP5I6JRePA%3D%3D&trackingId=wXhtinl9oQNNwYTPizFtjQ%3D%3D&position=2&pageNum=7&trk=public_jobs_jserp-result_search-card
174,https://ca.linkedin.com/jobs/view/toposware-rust-software-engineer-us-only-direct-hire-remote-at-braintrust-3468177605?refId=Xx58YyFWcnRDqP5I6JRePA%3D%3D&trackingId=02pcYLAYZNI9HWmbrF7KzA%3D%3D&position=3&pageNum=7&trk=public_jobs_jserp-result_search-card
175,https://ca.linkedin.com/jobs/view/pro-c-software-development-engineer-remote-at-ntt-data-services-3478308299?refId=Xx58YyFWcnRDqP5I6JRePA%3D%3D&trackingId=%2F0KmJDd4ROwEw4W7j5QA9g%3D%3D&position=4&pageNum=7&trk=public_jobs_jserp-result_search-card
176,https://ca.linkedin.com/jobs/view/full-stack-software-engineer-php-laravel-vuejs-html-css-latin-america-only-freelance-remote-at-braintrust-3468181174?refId=Xx58YyFWcnRDqP5I6JRePA%3D%3D&trackingId=CNIkOsq%2BXaMNE%2Bu2LuWtOw%3D%3D&position=5&pageNum=7&trk=public_jobs_jserp-result_search-card
177,https://ca.linkedin.com/jobs/view/middleware-engineer-kafka-at-morgan-mckinley-3477353750?refId=Xx58YyFWcnRDqP5I6JRePA%3D%3D&trackingId=1ur%2FD9dPPZ7NFz7vAF%2FI1w%3D%3D&position=6&pageNum=7&trk=public_jobs_jserp-result_search-card
178,https://ca.linkedin.com/jobs/view/online-experience-analyst-at-the-home-depot-canada-3466081229?refId=Xx58YyFWcnRDqP5I6JRePA%3D%3D&trackingId=Rj7MS9Z6JH47LedHj0UTbw%3D%3D&position=7&pageNum=7&trk=public_jobs_jserp-result_search-card
179,https://ca.linkedin.com/jobs/view/associate-educator-data-scientist-at-brainstation-3431782366?refId=Xx58YyFWcnRDqP5I6JRePA%3D%3D&trackingId=TsHM2XaXLT0qt%2FQ1gqeBKg%3D%3D&position=8&pageNum=7&trk=public_jobs_jserp-result_search-card
180,https://ca.linkedin.com/jobs/view/data-annotator-at-quantum-management-services-ltd-3458249757?refId=Xx58YyFWcnRDqP5I6JRePA%3D%3D&trackingId=MZrXXsQjZWkORE8kYIE0CQ%3D%3D&position=9&pageNum=7&trk=public_jobs_jserp-result_search-card
181,https://ca.linkedin.com/jobs/view/software-engineer-ios-solutions-remote-at-league-3477431433?refId=Xx58YyFWcnRDqP5I6JRePA%3D%3D&trackingId=JiKbHRT2gg52wtZVcrCVTg%3D%3D&position=10&pageNum=7&trk=public_jobs_jserp-result_search-card
182,https://ca.linkedin.com/jobs/view/biostatistician-at-the-hospital-for-sick-children-3436564345?refId=Xx58YyFWcnRDqP5I6JRePA%3D%3D&trackingId=tXlkYCc2kTiVmU%2Bgv2xvYA%3D%3D&position=11&pageNum=7&trk=public_jobs_jserp-result_search-card
183,https://ca.linkedin.com/jobs/view/signaling-system-engineer-at-hitachi-rail-3459046437?refId=Xx58YyFWcnRDqP5I6JRePA%3D%3D&trackingId=8o%2BIAD9VFIj9f2ETx%2BChpw%3D%3D&position=12&pageNum=7&trk=public_jobs_jserp-result_search-card
184,https://ca.linkedin.com/jobs/view/software-engineer-ii-android-freelance-remote-at-braintrust-3473849410?refId=Xx58YyFWcnRDqP5I6JRePA%3D%3D&trackingId=SeBQW%2BASlfFCTPRjJDMnhA%3D%3D&position=13&pageNum=7&trk=public_jobs_jserp-result_search-card
185,https://ca.linkedin.com/jobs/view/seen-ios-software-engineer-north-south-america-only-direct-hire-remote-at-braintrust-3468177662?refId=Xx58YyFWcnRDqP5I6JRePA%3D%3D&trackingId=HVXp8bwiJcdkw7OUzvxwgA%3D%3D&position=14&pageNum=7&trk=public_jobs_jserp-result_search-card
186,https://ca.linkedin.com/jobs/view/business-analyst-data-analyst-at-diverse-lynx-3465475166?refId=Xx58YyFWcnRDqP5I6JRePA%3D%3D&trackingId=aUKrzgfa8p7Nn7y%2BpRE2sQ%3D%3D&position=15&pageNum=7&trk=public_jobs_jserp-result_search-card
187,https://ca.linkedin.com/jobs/view/cyber-security-integration-engineer-at-altus-group-3477043512?refId=Xx58YyFWcnRDqP5I6JRePA%3D%3D&trackingId=ADakTpRW87BACiXKYoNYaw%3D%3D&position=16&pageNum=7&trk=public_jobs_jserp-result_search-card
188,https://ca.linkedin.com/jobs/view/software-runtime-engineer-at-tenstorrent-inc-3395306964?refId=Xx58YyFWcnRDqP5I6JRePA%3D%3D&trackingId=2wJbU41%2BU2JVCL7H0EHG2g%3D%3D&position=17&pageNum=7&trk=public_jobs_jserp-result_search-card
189,https://ca.linkedin.com/jobs/view/capabilities-insights-analyst-us-canada-research-at-mckinsey-company-3468027881?refId=Xx58YyFWcnRDqP5I6JRePA%3D%3D&trackingId=0iPZKH3TrKtRJJ%2F%2F4CZlEA%3D%3D&position=18&pageNum=7&trk=public_jobs_jserp-result_search-card
190,https://ca.linkedin.com/jobs/view/crm-data-analyst-6-months-contract-at-publicis-groupe-3447516965?refId=Xx58YyFWcnRDqP5I6JRePA%3D%3D&trackingId=jC8pJtwm%2FRss%2BJO6FnhAUQ%3D%3D&position=19&pageNum=7&trk=public_jobs_jserp-result_search-card
191,https://ca.linkedin.com/jobs/view/developer-generic-4-at-tekstaff-it-solutions-3470555284?refId=Xx58YyFWcnRDqP5I6JRePA%3D%3D&trackingId=DQ6VHS68j%2FOi403smSZroQ%3D%3D&position=20&pageNum=7&trk=public_jobs_jserp-result_search-card
192,https://ca.linkedin.com/jobs/view/time-to-re-build-with-application-engineer-electronic-and-embedded-software-at-dana-tm4-now-hiring-at-dana-tm4-3471582572?refId=Xx58YyFWcnRDqP5I6JRePA%3D%3D&trackingId=0PpOBm9HggGLdZY5W5WLRQ%3D%3D&position=21&pageNum=7&trk=public_jobs_jserp-result_search-card
193,https://ca.linkedin.com/jobs/view/crm-data-analyst-6-months-contract-at-publicis-worldwide-3447516964?refId=Xx58YyFWcnRDqP5I6JRePA%3D%3D&trackingId=MAuVcg7A2X9HYnCqlzD5NA%3D%3D&position=22&pageNum=7&trk=public_jobs_jserp-result_search-card
194,https://ca.linkedin.com/jobs/view/ing%C3%A9nieur-produit-logiciel-bilingue-%C3%A0-distance-product-software-engineer-bilingual-remote-at-wolters-kluwer-3438523794?refId=Xx58YyFWcnRDqP5I6JRePA%3D%3D&trackingId=bH%2FDNb3mJefCmrgrSD%2BOlw%3D%3D&position=23&pageNum=7&trk=public_jobs_jserp-result_search-card
195,https://ca.linkedin.com/jobs/view/software-engineer-ubuntu-server-for-public-cloud-at-canonical-3477738135?refId=Xx58YyFWcnRDqP5I6JRePA%3D%3D&trackingId=XId3vTMea03hCL%2B442oFtQ%3D%3D&position=24&pageNum=7&trk=public_jobs_jserp-result_search-card
196,https://ca.linkedin.com/jobs/view/scientifique-de-donn%C3%A9es-fr-at-sobeys-3462252363?refId=Xx58YyFWcnRDqP5I6JRePA%3D%3D&trackingId=agxsPIq110LLzRyK9uu24A%3D%3D&position=25&pageNum=7&trk=public_jobs_jserp-result_search-card
197,https://ca.linkedin.com/jobs/view/scientifique-de-donn%C3%A9es-fr-at-sobeys-3462253303?refId=VyaTjwch%2FRcVXLAiAd5MLA%3D%3D&trackingId=lyUCnAESbb8AzLSc9%2F1gQQ%3D%3D&position=1&pageNum=8&trk=public_jobs_jserp-result_search-card
198,https://ca.linkedin.com/jobs/view/software-engineer-ubuntu-core-at-canonical-3469217851?refId=VyaTjwch%2FRcVXLAiAd5MLA%3D%3D&trackingId=JdD5ddxYpxrqdLvqdNe%2BCg%3D%3D&position=2&pageNum=8&trk=public_jobs_jserp-result_search-card
199,https://ca.linkedin.com/jobs/view/system-timing-engineer-38194br-at-synopsys-inc-3080763931?refId=VyaTjwch%2FRcVXLAiAd5MLA%3D%3D&trackingId=Pc5Wa4cFpgx0b5BZRrECFg%3D%3D&position=3&pageNum=8&trk=public_jobs_jserp-result_search-card
200,https://ca.linkedin.com/jobs/view/embedded-desktop-linux-software-engineer-optimisation-at-canonical-3477150951?refId=VyaTjwch%2FRcVXLAiAd5MLA%3D%3D&trackingId=1FC6Ze0P5EzgJHW0TiKKBQ%3D%3D&position=4&pageNum=8&trk=public_jobs_jserp-result_search-card
201,https://ca.linkedin.com/jobs/view/golang-embedded-system-software-engineer-at-canonical-3459623932?refId=VyaTjwch%2FRcVXLAiAd5MLA%3D%3D&trackingId=u42o3PWKhybCscPsXGAiRw%3D%3D&position=5&pageNum=8&trk=public_jobs_jserp-result_search-card
202,https://ca.linkedin.com/jobs/view/remote-access-product-engineer-at-ey-3449168204?refId=VyaTjwch%2FRcVXLAiAd5MLA%3D%3D&trackingId=rrTtnhbNxZwWPBRcoh%2Bjdg%3D%3D&position=6&pageNum=8&trk=public_jobs_jserp-result_search-card
203,https://ca.linkedin.com/jobs/view/golang-software-engineer-containers-virtualisation-api-at-canonical-3476259656?refId=VyaTjwch%2FRcVXLAiAd5MLA%3D%3D&trackingId=tWIC%2BOhvNOak8o4T4mBcdg%3D%3D&position=7&pageNum=8&trk=public_jobs_jserp-result_search-card
204,https://ca.linkedin.com/jobs/view/embedded-software-engineer-at-actalent-3478719834?refId=VyaTjwch%2FRcVXLAiAd5MLA%3D%3D&trackingId=JdhCziZ66IsqQ7C1lIVUJQ%3D%3D&position=8&pageNum=8&trk=public_jobs_jserp-result_search-card
205,https://ca.linkedin.com/jobs/view/devops-specialist-at-apex-systems-3473898935?refId=VyaTjwch%2FRcVXLAiAd5MLA%3D%3D&trackingId=K4R%2FERRBdwIi%2FeH8Wvlffw%3D%3D&position=9&pageNum=8&trk=public_jobs_jserp-result_search-card
206,https://ca.linkedin.com/jobs/view/java-system-software-engineer-runtimes-tooling-and-ecosystem-for-linux-at-canonical-3472824768?refId=VyaTjwch%2FRcVXLAiAd5MLA%3D%3D&trackingId=v2HPZ5OGszsCJhioJZgSvA%3D%3D&position=10&pageNum=8&trk=public_jobs_jserp-result_search-card
207,https://ca.linkedin.com/jobs/view/software-engineer-ubuntu-server-certification-at-canonical-3470790315?refId=VyaTjwch%2FRcVXLAiAd5MLA%3D%3D&trackingId=uGxHsedyryXGvo28n4VsdA%3D%3D&position=11&pageNum=8&trk=public_jobs_jserp-result_search-card
208,https://ca.linkedin.com/jobs/view/software-engineer-net-tooling-runtimes-and-ecosystem-at-canonical-3469220450?refId=VyaTjwch%2FRcVXLAiAd5MLA%3D%3D&trackingId=B09bAdJDtVmbBMZElMKB2A%3D%3D&position=12&pageNum=8&trk=public_jobs_jserp-result_search-card
209,https://ca.linkedin.com/jobs/view/c-golang-software-engineer-working-on-dqlite-a-raft-extension-for-sqlite-at-canonical-3452285958?refId=VyaTjwch%2FRcVXLAiAd5MLA%3D%3D&trackingId=xxom%2Fb79jTcGCBsSGBc0QQ%3D%3D&position=13&pageNum=8&trk=public_jobs_jserp-result_search-card
210,https://ca.linkedin.com/jobs/view/azure-sentinel-cloud-support-specialist-at-cgi-3355030979?refId=VyaTjwch%2FRcVXLAiAd5MLA%3D%3D&trackingId=X7qX8AB6N%2FdOUC0cf0VKDw%3D%3D&position=14&pageNum=8&trk=public_jobs_jserp-result_search-card
211,https://ca.linkedin.com/jobs/view/dana-tm4-is-looking-for-application-engineer-electronic-and-embedded-software-in-toronto-at-dana-tm4-3471578733?refId=VyaTjwch%2FRcVXLAiAd5MLA%3D%3D&trackingId=2egCBLfyS0sBLG4vlPXv%2Bg%3D%3D&position=15&pageNum=8&trk=public_jobs_jserp-result_search-card
212,https://ca.linkedin.com/jobs/view/junior-fire-life-safety-engineer-at-mott-macdonald-3454273717?refId=VyaTjwch%2FRcVXLAiAd5MLA%3D%3D&trackingId=NcWMp4610EwPBz%2BSBZGlgA%3D%3D&position=16&pageNum=8&trk=public_jobs_jserp-result_search-card
213,https://ca.linkedin.com/jobs/view/application-engineer-electronic-and-embedded-software-at-dana-tm4-just-posted-today-at-dana-tm4-3471599147?refId=VyaTjwch%2FRcVXLAiAd5MLA%3D%3D&trackingId=UVGNDh8fw2XaVmnpm%2F0f6A%3D%3D&position=17&pageNum=8&trk=public_jobs_jserp-result_search-card
214,https://ca.linkedin.com/jobs/view/mechanical-engineer-in-training-spring-2023-at-snc-lavalin-3433806323?refId=VyaTjwch%2FRcVXLAiAd5MLA%3D%3D&trackingId=g7ZgfkCoWCE7fPUAXb%2FuTg%3D%3D&position=18&pageNum=8&trk=public_jobs_jserp-result_search-card
215,https://ca.linkedin.com/jobs/view/service-desk-engineer-at-medcan-3442373430?refId=VyaTjwch%2FRcVXLAiAd5MLA%3D%3D&trackingId=Wtg7wCm03zAWGSRE0QVh6w%3D%3D&position=19&pageNum=8&trk=public_jobs_jserp-result_search-card
216,https://ca.linkedin.com/jobs/view/tunnel-ventilation-engineer-in-training-at-arup-3438739065?refId=VyaTjwch%2FRcVXLAiAd5MLA%3D%3D&trackingId=pIFWwljC2y1x7iXvbM1MEw%3D%3D&position=20&pageNum=8&trk=public_jobs_jserp-result_search-card
217,https://ca.linkedin.com/jobs/view/forecasting-analyst-canadian-tire-corporation-at-canadian-tire-corporation-3469897806?refId=VyaTjwch%2FRcVXLAiAd5MLA%3D%3D&trackingId=4pcM3fxi5aYYB2pkLw9JIA%3D%3D&position=21&pageNum=8&trk=public_jobs_jserp-result_search-card
218,https://ca.linkedin.com/jobs/view/analog-mixed-signal-system-modelling-engineer-37914br-at-synopsys-inc-3121278657?refId=VyaTjwch%2FRcVXLAiAd5MLA%3D%3D&trackingId=9WSTHQhE59yFCK1DD5tp2A%3D%3D&position=22&pageNum=8&trk=public_jobs_jserp-result_search-card
219,https://ca.linkedin.com/jobs/view/electrical-commissioning-engineer-at-pkaza-critical-facilities-recruiting-3468309543?refId=VyaTjwch%2FRcVXLAiAd5MLA%3D%3D&trackingId=kL1XKBiXg%2FCjPA9B7DD5vw%3D%3D&position=23&pageNum=8&trk=public_jobs_jserp-result_search-card
220,https://ca.linkedin.com/jobs/view/analog-mixed-signal-system-modelling-engineer-37914br-at-synopsys-inc-3121275875?refId=VyaTjwch%2FRcVXLAiAd5MLA%3D%3D&trackingId=SE4alcqfvorcp3efIHbzog%3D%3D&position=24&pageNum=8&trk=public_jobs_jserp-result_search-card
221,https://ca.linkedin.com/jobs/view/mechanical-commissioning-engineer-at-pkaza-critical-facilities-recruiting-3471864944?refId=VyaTjwch%2FRcVXLAiAd5MLA%3D%3D&trackingId=I%2BFgDqHlDh64thXExVse2w%3D%3D&position=25&pageNum=8&trk=public_jobs_jserp-result_search-card
222,https://ca.linkedin.com/jobs/view/system-test-engineer-diagnostics-at-actalent-3478732158?refId=lgYvnvK8IB4U2nSkxEwRlA%3D%3D&trackingId=4mSc1KSDinNcorip999gfg%3D%3D&position=1&pageNum=9&trk=public_jobs_jserp-result_search-card
223,https://ca.linkedin.com/jobs/view/manufacturing-engineer-at-array-marketing-3424833420?refId=lgYvnvK8IB4U2nSkxEwRlA%3D%3D&trackingId=SNqRIqixzKkrK%2F8YWf0q6Q%3D%3D&position=2&pageNum=9&trk=public_jobs_jserp-result_search-card
224,https://ca.linkedin.com/jobs/view/concept-sga-is-looking-for-analyste-de-donnees-in-toronto-at-concept-sga-inc-3471578329?refId=lgYvnvK8IB4U2nSkxEwRlA%3D%3D&trackingId=HpKzyHfbdwStmK2U7Yantw%3D%3D&position=3&pageNum=9&trk=public_jobs_jserp-result_search-card
225,https://ca.linkedin.com/jobs/view/pole-line-engineers-p-eng-at-cyient-3464703564?refId=lgYvnvK8IB4U2nSkxEwRlA%3D%3D&trackingId=JxO8XiKNFg%2Ba2WtmAH823g%3D%3D&position=4&pageNum=9&trk=public_jobs_jserp-result_search-card
226,https://ca.linkedin.com/jobs/view/system-safety-and-assurance-engineer-at-snc-lavalin-3461073740?refId=lgYvnvK8IB4U2nSkxEwRlA%3D%3D&trackingId=VDAZ0GsSr6W7PoPX8jGfHg%3D%3D&position=5&pageNum=9&trk=public_jobs_jserp-result_search-card
227,https://ca.linkedin.com/jobs/view/technology-professionals-operational-support-at-canadian-security-intelligence-service-csis-service-canadien-du-renseignement-de-s%C3%A9curit%C3%A9-scrs-3475378044?refId=lgYvnvK8IB4U2nSkxEwRlA%3D%3D&trackingId=qrOzWZhPqeVvo5gb46PjMA%3D%3D&position=6&pageNum=9&trk=public_jobs_jserp-result_search-card
228,https://ca.linkedin.com/jobs/view/time-to-re-build-with-analyste-de-donnees-at-concept-sga-now-hiring-at-concept-sga-inc-3471581343?refId=lgYvnvK8IB4U2nSkxEwRlA%3D%3D&trackingId=2haW7JasfFf8y7VwwiasEg%3D%3D&position=7&pageNum=9&trk=public_jobs_jserp-result_search-card
229,https://ca.linkedin.com/jobs/view/c%2B%2B-graphics-and-windowing-system-software-engineer-mir-at-canonical-3470050801?refId=lgYvnvK8IB4U2nSkxEwRlA%3D%3D&trackingId=DYTZlJsp699kOS5alnzlIA%3D%3D&position=8&pageNum=9&trk=public_jobs_jserp-result_search-card
230,https://ca.linkedin.com/jobs/view/operational-excellence-engineer-supply-chain-at-fgf-brands-3455733985?refId=lgYvnvK8IB4U2nSkxEwRlA%3D%3D&trackingId=ZonSbLYe1hWXj%2FA9Az7IIg%3D%3D&position=9&pageNum=9&trk=public_jobs_jserp-result_search-card
231,https://ca.linkedin.com/jobs/view/time-to-re-build-with-geologue-etou-ingenieur-banque-de-donnees-ressources-reserves-gestion-base-de-donnees-et-rr-at-hecla-qu%C3%A9bec-now-hiring-at-hecla-qu%C3%A9bec-3471581477?refId=lgYvnvK8IB4U2nSkxEwRlA%3D%3D&trackingId=rQhhasjobAiabpD0H8W9ew%3D%3D&position=10&pageNum=9&trk=public_jobs_jserp-result_search-card
232,https://ca.linkedin.com/jobs/view/analyste-de-donnees-at-concept-sga-just-posted-today-at-concept-sga-inc-3471581320?refId=lgYvnvK8IB4U2nSkxEwRlA%3D%3D&trackingId=QUHIOxfQlADpHnc79CkG%2FA%3D%3D&position=11&pageNum=9&trk=public_jobs_jserp-result_search-card
233,https://ca.linkedin.com/jobs/view/part-time-online-data-analyst-french-ca-at-telus-international-ai-data-solutions-3442071300?refId=lgYvnvK8IB4U2nSkxEwRlA%3D%3D&trackingId=ahYzD2cJ6tscoQyRVsOxPg%3D%3D&position=12&pageNum=9&trk=public_jobs_jserp-result_search-card
234,https://ca.linkedin.com/jobs/view/system-application-designer-at-dana-tm4-just-posted-today-at-dana-tm4-3471597254?refId=lgYvnvK8IB4U2nSkxEwRlA%3D%3D&trackingId=zWDxszBmEVEAKAT4GaEjKA%3D%3D&position=13&pageNum=9&trk=public_jobs_jserp-result_search-card
235,https://ca.linkedin.com/jobs/view/crypto-analyst-ii-at-moneris-3455260308?refId=lgYvnvK8IB4U2nSkxEwRlA%3D%3D&trackingId=d3capKPxnBw8kqLLiI9iSw%3D%3D&position=14&pageNum=9&trk=public_jobs_jserp-result_search-card
236,https://ca.linkedin.com/jobs/view/design-verification-uvm-canada-%2320846-at-rambus-3094785961?refId=lgYvnvK8IB4U2nSkxEwRlA%3D%3D&trackingId=0OvBPQETO52QUC6yWQxp8A%3D%3D&position=15&pageNum=9&trk=public_jobs_jserp-result_search-card
237,https://ca.linkedin.com/jobs/view/british-columbia-statistics-tutor-at-varsity-tutors-a-nerdy-company-3464619606?refId=lgYvnvK8IB4U2nSkxEwRlA%3D%3D&trackingId=%2Bed1seWZaIHZKYmIx6TD7g%3D%3D&position=16&pageNum=9&trk=public_jobs_jserp-result_search-card
238,https://ca.linkedin.com/jobs/view/support-operations-analyst-iv-%23-22-23024-at-talentburst-an-inc-5000-company-3467324194?refId=lgYvnvK8IB4U2nSkxEwRlA%3D%3D&trackingId=Do6RZheZsJhsK%2BFDiTrKgA%3D%3D&position=17&pageNum=9&trk=public_jobs_jserp-result_search-card
239,https://ca.linkedin.com/jobs/view/time-to-re-build-with-analyste-de-donnees-enquetes-de-sante-at-r%C3%A9gie-r%C3%A9gionale-de-la-sant%C3%A9-et-des-services-sociaux-du-nunavik-now-hiring-at-nunavik-regional-board-of-health-and-social-services-3471588709?refId=lgYvnvK8IB4U2nSkxEwRlA%3D%3D&trackingId=UjLSnxazEr3OE7hzjgFC5g%3D%3D&position=18&pageNum=9&trk=public_jobs_jserp-result_search-card
240,https://ca.linkedin.com/jobs/view/data-business-analyst-at-tekstaff-it-solutions-3468596488?refId=lgYvnvK8IB4U2nSkxEwRlA%3D%3D&trackingId=4r%2B1WpQPYpCYRUP11z%2BNmw%3D%3D&position=19&pageNum=9&trk=public_jobs_jserp-result_search-card
